iso,country,records,deaths,deaths_reported,deaths_coverage_pct,affected,affected_reported,affected_coverage_pct,damage_usd,damage_usd_reported,damage_usd_coverage_pct,damage_adjusted_usd,damage_adjusted_usd_reported,damage_adjusted_usd_coverage_pct
AFG,Afghanistan,182,19157.0,164,90.11,37456315.0,141,77.47,590110000.0,12,6.59,669120000.0,11,6.04
AGO,Angola,66,5734.0,51,77.27,9275857.0,60,90.91,12000000.0,2,3.03,21323000.0,2,3.03
AIA,Anguilla,1,4.0,1,100.0,15000.0,1,100.0,200000000.0,1,100.0,262682000.0,1,100.0
ALB,Albania,30,800.0,16,53.33,1128636.0,25,83.33,1021573000.0,6,20.0,981465000.0,5,16.67
ARE,United Arab Emirates,3,4.0,1,33.33,534.0,2,66.67,,0,0.0,,0,0.0
ARG,Argentina,89,540.0,50,56.18,2810040.0,75,84.27,9697410000.0,23,25.84,13444930000.0,23,25.84
ARM,Armenia,11,9.0,3,27.27,436615.0,10,90.91,211822000.0,4,36.36,323530000.0,4,36.36
ASM,American Samoa,4,40.0,2,50.0,25563.0,3,75.0,200000000.0,2,50.0,343172000.0,2,50.0
ATG,Antigua and Barbuda,3,1.0,1,33.33,32600.0,3,100.0,262600000.0,2,66.67,346956000.0,2,66.67
AUS,Australia,133,919.0,65,48.87,794311.0,107,80.45,59907854000.0,88,66.17,78810782000.0,87,65.41
AUT,Austria,34,2571.0,24,70.59,64959.0,10,29.41,6123000000.0,11,32.35,9942041000.0,11,32.35
AZE,Azerbaijan,10,51.0,5,50.0,132460.0,7,70.0,165000000.0,3,30.0,301910000.0,3,30.0
AZO,Azores Islands,1,,0,0.0,600.0,1,100.0,,0,0.0,,0,0.0
BDI,Burundi,58,884.0,31,53.45,3670252.0,55,94.83,15000000.0,2,3.45,20378000.0,2,3.45
BEL,Belgium,41,6272.0,25,60.98,108323.0,9,21.95,2952146000.0,6,14.63,3813424000.0,6,14.63
BEN,Benin,33,1025.0,28,84.85,1389838.0,33,100.0,,0,0.0,,0,0.0
BFA,Burkina Faso,38,8795.0,24,63.16,14068118.0,36,94.74,181176000.0,3,7.89,267464000.0,3,7.89
BGD,Bangladesh,160,12439.0,143,89.38,183156196.0,137,85.62,10650585000.0,27,16.88,15581683000.0,27,16.88
BGR,Bulgaria,48,7409.0,34,70.83,78078.0,24,50.0,1467304000.0,13,27.08,2125173000.0,13,27.08
BHS,Bahamas,17,405.0,8,47.06,55750.0,11,64.71,6727000000.0,10,58.82,9499605000.0,10,58.82
BIH,Bosnia and Herzegovina,36,986.0,15,41.67,1702645.0,26,72.22,857580000.0,6,16.67,1301436000.0,6,16.67
BLM,Saint Barthélemy,1,4.0,1,100.0,,0,0.0,,0,0.0,,0,0.0
BLR,Belarus,9,54.0,4,44.44,145734.0,7,77.78,40300000.0,2,22.22,72175000.0,2,22.22
BLZ,Belize,16,55.0,5,31.25,414037.0,11,68.75,753004000.0,7,43.75,1293453000.0,7,43.75
BMU,Bermuda,2,4.0,1,50.0,,0,0.0,300000000.0,1,50.0,525026000.0,1,50.0
BOL,Bolivia (Plurinational State of),78,1309.0,52,66.67,10579018.0,74,94.87,1765500000.0,14,17.95,2579132000.0,14,17.95
BRA,Brazil,173,4731.0,128,73.99,58853811.0,158,91.33,48669070000.0,71,41.04,57683857000.0,70,40.46
BRB,Barbados,9,2.0,2,22.22,11360.0,7,77.78,101700000.0,3,33.33,107919000.0,3,33.33
BTN,Bhutan,7,234.0,5,71.43,21530.0,4,57.14,,0,0.0,,0,0.0
BWA,Botswana,17,496.0,5,29.41,560928.0,15,88.24,49000000.0,2,11.76,69114000.0,2,11.76
CAF,Central African Republic,39,945.0,21,53.85,2573859.0,39,100.0,145000000.0,1,2.56,148815000.0,1,2.56
CAN,Canada,84,996.0,39,46.43,458359.0,54,64.29,32518912000.0,37,44.05,41130078000.0,37,44.05
CHE,Switzerland,38,2360.0,23,60.53,22699.0,13,34.21,5109000000.0,11,28.95,7965332000.0,11,28.95
CHL,Chile,72,1220.0,46,63.89,5185467.0,65,90.28,41066000000.0,30,41.67,57820653000.0,30,41.67
CHN,China,674,116356.0,522,77.45,1771244413.0,572,84.87,539705521000.0,431,63.95,741553581000.0,430,63.8
CIV,Côte d’Ivoire,28,745.0,27,96.43,98356.0,22,78.57,,0,0.0,,0,0.0
CMR,Cameroon,39,2139.0,32,82.05,3634055.0,34,87.18,17000000.0,2,5.13,19305000.0,2,5.13
COD,Democratic Republic of the Congo,144,19280.0,125,86.81,31916456.0,131,90.97,41000000.0,4,2.78,57540000.0,4,2.78
COG,Congo,32,4641.0,23,71.88,2796920.0,30,93.75,,0,0.0,,0,0.0
COK,Cook Islands,4,,0,0.0,4801.0,4,100.0,52000.0,1,25.0,95000.0,1,25.0
COL,Colombia,142,4594.0,94,66.2,14289847.0,127,89.44,15651000000.0,21,14.79,5492221000.0,19,13.38
COM,Comoros,15,193.0,6,40.0,795028.0,13,86.67,5000000.0,1,6.67,7011000.0,1,6.67
CPV,Cabo Verde,11,44.0,6,54.55,331098.0,9,81.82,1100000.0,1,9.09,1494000.0,1,9.09
CRI,Costa Rica,43,173.0,25,58.14,3321517.0,39,90.7,579980000.0,10,23.26,842120000.0,10,23.26
CUB,Cuba,49,116.0,24,48.98,30429232.0,39,79.59,13941139000.0,19,38.78,20229192000.0,19,38.78
CYM,Cayman Islands,8,2.0,1,12.5,300.0,1,12.5,3498680000.0,6,75.0,5968868000.0,6,75.0
CYP,Cyprus,13,534.0,8,61.54,1658.0,6,46.15,57000000.0,2,15.38,73342000.0,2,15.38
CZE,Czechia,36,1908.0,28,77.78,1774927.0,17,47.22,7762012000.0,13,36.11,10627302000.0,13,36.11
DEU,Germany,65,33086.0,55,84.62,346359.0,25,38.46,94012631000.0,28,43.08,127806676000.0,28,43.08
DJI,Djibouti,13,82.0,6,46.15,1511157.0,12,92.31,,0,0.0,,0,0.0
DMA,Dominica,5,96.0,3,60.0,107857.0,5,100.0,1958810000.0,3,60.0,2599187000.0,3,60.0
DNK,Denmark,11,645.0,9,81.82,3.0,1,9.09,1400000000.0,2,18.18,2298352000.0,2,18.18
DOM,Dominican Republic,67,1418.0,49,73.13,6951612.0,63,94.03,894295000.0,19,28.36,1345652000.0,19,28.36
DZA,Algeria,53,4037.0,47,88.68,826745.0,42,79.25,6480017000.0,9,16.98,11014622000.0,9,16.98
ECU,Ecuador,68,1418.0,41,60.29,3439571.0,65,95.59,3559475000.0,13,19.12,4874461000.0,13,19.12
EGY,Egypt,16,394.0,13,81.25,71032.0,15,93.75,101000000.0,2,12.5,128074000.0,2,12.5
ERI,Eritrea,4,,0,0.0,1707013.0,2,50.0,,0,0.0,,0,0.0
ESP,Spain,75,45917.0,57,76.0,178710.0,42,56.0,26076285000.0,26,34.67,31794439000.0,26,34.67
EST,Estonia,10,391.0,8,80.0,6600.0,2,20.0,130000000.0,1,10.0,214308000.0,1,10.0
ETH,Ethiopia,87,4211.0,61,70.11,80735306.0,75,86.21,2051636000.0,7,8.05,2624103000.0,7,8.05
FIN,Finland,5,620.0,4,80.0,400.0,1,20.0,,0,0.0,,0,0.0
FJI,Fiji,30,155.0,23,76.67,1580390.0,27,90.0,1006146000.0,21,70.0,1381792000.0,20,66.67
FRA,France,130,39953.0,85,65.38,1262558.0,86,66.15,31632400000.0,32,24.62,45164855000.0,32,24.62
FSM,Micronesia (Federated States of),11,72.0,4,36.36,304463.0,10,90.91,124200000.0,5,45.45,45658000.0,4,36.36
GAB,Gabon,12,52.0,3,25.0,123291.0,12,100.0,,0,0.0,,0,0.0
GBR,United Kingdom of Great Britain and Northern Ireland,73,12336.0,51,69.86,569734.0,44,60.27,27453042000.0,27,36.99,43506267000.0,27,36.99
GEO,Georgia,26,80.0,7,26.92,1382490.0,24,92.31,669156000.0,6,23.08,1167078000.0,6,23.08
GHA,Ghana,37,953.0,30,81.08,2086940.0,34,91.89,12000000.0,1,2.7,16300000.0,1,2.7
GIN,Guinea,34,3394.0,23,67.65,789090.0,34,100.0,,0,0.0,,0,0.0
GLP,Guadeloupe,5,6.0,3,60.0,113155.0,3,60.0,420000000.0,2,40.0,623422000.0,2,40.0
GMB,Gambia,23,78.0,14,60.87,656119.0,20,86.96,,0,0.0,,0,0.0
GNB,Guinea-Bissau,12,631.0,6,50.0,246480.0,11,91.67,,0,0.0,,0,0.0
GNQ,Equatorial Guinea,3,38.0,2,66.67,24062.0,3,100.0,,0,0.0,,0,0.0
GRC,Greece,63,15136.0,38,60.32,214512.0,48,76.19,4532659000.0,15,23.81,6635993000.0,15,23.81
GRD,Grenada,6,48.0,3,50.0,225802.0,4,66.67,1151900000.0,3,50.0,1813015000.0,3,50.0
GTM,Guatemala,94,3592.0,61,64.89,22622293.0,82,87.23,3124132000.0,15,15.96,4586389000.0,15,15.96
GUF,French Guiana,2,10.0,1,50.0,144.0,2,100.0,,0,0.0,,0,0.0
GUM,Guam,7,6.0,4,57.14,115471.0,5,71.43,4889000000.0,5,71.43,4777692000.0,4,57.14
GUY,Guyana,8,34.0,1,12.5,647048.0,7,87.5,648800000.0,3,37.5,1058325000.0,3,37.5
HKG,"China, Hong Kong Special Administrative Region",18,10.0,6,33.33,20927.0,15,83.33,1010880000.0,3,16.67,1247850000.0,3,16.67
HND,Honduras,63,816.0,44,69.84,11115343.0,57,90.48,446479000.0,10,15.87,721316000.0,10,15.87
HRV,Croatia,36,3810.0,17,47.22,258596.0,20,55.56,13872150000.0,8,22.22,17624186000.0,8,22.22
HTI,Haiti,100,240575.0,86,86.0,16319490.0,91,91.0,12484591000.0,14,14.0,17509036000.0,14,14.0
HUN,Hungary,28,3464.0,14,50.0,276068.0,15,53.57,688000000.0,7,25.0,1085348000.0,7,25.0
IDN,Indonesia,425,191257.0,314,73.88,48288432.0,396,93.18,27536517000.0,90,21.18,38796440000.0,89,20.94
IND,India,435,93258.0,405,93.1,1148025443.0,307,70.57,123027761000.0,117,26.9,167555333000.0,116,26.67
IRL,Ireland,21,153.0,12,57.14,12674.0,8,38.1,425000000.0,2,9.52,652113000.0,2,9.52
IRN,Iran (Islamic Republic of),122,29957.0,81,66.39,19559395.0,110,90.16,10318866000.0,42,34.43,13753618000.0,42,34.43
IRQ,Iraq,27,222.0,20,74.07,7308467.0,24,88.89,115300000.0,3,11.11,143103000.0,3,11.11
ISL,Iceland,5,,0,0.0,3864.0,3,60.0,99000000.0,3,60.0,124114000.0,3,60.0
ISR,Israel,13,84.0,7,53.85,2083952.0,8,61.54,1372750000.0,4,30.77,1822777000.0,4,30.77
ITA,Italy,102,77663.0,77,75.49,361587.0,62,60.78,59605553000.0,47,46.08,86182179000.0,47,46.08
JAM,Jamaica,24,143.0,19,79.17,3391487.0,19,79.17,14320215000.0,18,75.0,15406595000.0,18,75.0
JOR,Jordan,6,43.0,3,50.0,152276.0,6,100.0,,0,0.0,,0,0.0
JPN,Japan,190,24045.0,153,80.53,5735395.0,175,92.11,425146800000.0,99,52.11,602407455000.0,98,51.58
KAZ,Kazakhstan,22,124.0,10,45.45,387666.0,21,95.45,246038000.0,6,27.27,363966000.0,6,27.27
KEN,Kenya,102,3756.0,87,85.29,38337026.0,92,90.2,846500000.0,7,6.86,1133398000.0,7,6.86
KGZ,Kyrgyzstan,29,249.0,13,44.83,2205054.0,24,82.76,16360000.0,4,13.79,23681000.0,4,13.79
KHM,Cambodia,36,1258.0,19,52.78,16126740.0,29,80.56,1407100000.0,10,27.78,2063285000.0,10,27.78
KIR,Kiribati,3,,0,0.0,1805.0,3,100.0,,0,0.0,,0,0.0
KNA,Saint Kitts and Nevis,2,,0,0.0,500.0,1,50.0,20000000.0,1,50.0,26268000.0,1,50.0
KOR,Republic of Korea,70,1156.0,58,82.86,881398.0,53,75.71,16173395000.0,36,51.43,25321851000.0,36,51.43
KWT,Kuwait,1,1.0,1,100.0,,0,0.0,,0,0.0,,0,0.0
LAO,Lao People's Democratic Republic,35,443.0,22,62.86,4547646.0,29,82.86,785210000.0,13,37.14,957981000.0,13,37.14
LBN,Lebanon,13,35.0,6,46.15,5030219.0,10,76.92,,0,0.0,,0,0.0
LBR,Liberia,18,4929.0,9,50.0,659320.0,17,94.44,,0,0.0,,0,0.0
LBY,Libya,4,13225.0,4,100.0,1625365.0,4,100.0,6207100000.0,2,50.0,6559762000.0,2,50.0
LCA,Saint Lucia,12,25.0,5,41.67,234802.0,6,50.0,77000000.0,5,41.67,106147000.0,5,41.67
LIE,Liechtenstein,2,1.0,1,50.0,,0,0.0,,0,0.0,,0,0.0
LKA,Sri Lanka,86,38946.0,70,81.4,21038547.0,85,98.84,8098750000.0,18,20.93,9998736000.0,18,20.93
LSO,Lesotho,16,57.0,4,25.0,4327017.0,15,93.75,,0,0.0,,0,0.0
LTU,Lithuania,14,1095.0,10,71.43,,0,0.0,255573000.0,2,14.29,409697000.0,2,14.29
LUX,Luxembourg,8,269.0,5,62.5,1519.0,1,12.5,31000000.0,1,12.5,45769000.0,1,12.5
LVA,Latvia,13,393.0,8,61.54,302.0,2,15.38,325000000.0,1,7.69,535770000.0,1,7.69
MAC,"China, Macao Special Administrative Region",3,10.0,1,33.33,205.0,2,66.67,1420000000.0,1,33.33,1865044000.0,1,33.33
MAF,Saint Martin (French Part),1,12.0,1,100.0,110.0,1,100.0,4100000000.0,1,100.0,5384987000.0,1,100.0
MAR,Morocco,37,4101.0,26,70.27,11593478.0,29,78.38,8252059000.0,9,24.32,8892220000.0,8,21.62
MDA,Republic of Moldova,12,34.0,7,58.33,2852038.0,10,83.33,446184000.0,4,33.33,703748000.0,4,33.33
MDG,Madagascar,84,3166.0,64,76.19,16733373.0,82,97.62,1658181000.0,19,22.62,1570703000.0,17,20.24
MDV,Maldives,6,106.0,2,33.33,33727.0,6,100.0,470100000.0,1,16.67,801264000.0,1,16.67
MEX,Mexico,171,2631.0,144,84.21,15538601.0,131,76.61,57099605000.0,69,40.35,76957190000.0,68,39.77
MHL,Marshall Islands,9,6.0,1,11.11,66498.0,8,88.89,4900000.0,1,11.11,6656000.0,1,11.11
MKD,North Macedonia,23,69.0,11,47.83,1350001.0,19,82.61,164163000.0,5,21.74,230149000.0,5,21.74
MLI,Mali,40,527.0,23,57.5,14399871.0,37,92.5,165000000.0,1,2.5,169342000.0,1,2.5
MLT,Malta,3,182.0,3,100.0,,0,0.0,,0,0.0,,0,0.0
MMR,Myanmar,64,144818.0,52,81.25,10444213.0,54,84.38,18161758000.0,15,23.44,20706499000.0,15,23.44
MNE,Montenegro,9,227.0,4,44.44,13236.0,6,66.67,,0,0.0,,0,0.0
MNG,Mongolia,32,210.0,17,53.12,5648349.0,29,90.62,144064000.0,5,15.62,245336000.0,5,15.62
MNP,Northern Mariana Islands,7,11.0,3,42.86,860.0,3,42.86,1000000000.0,1,14.29,,0,0.0
MOZ,Mozambique,96,4048.0,77,80.21,29640200.0,92,95.83,3157300000.0,15,15.62,4257625000.0,15,15.62
MRT,Mauritania,25,153.0,13,52.0,8848726.0,25,100.0,2000000.0,1,4.0,2764000.0,1,4.0
MSR,Montserrat,1,,0,0.0,200.0,1,100.0,,0,0.0,,0,0.0
MTQ,Martinique,5,16.0,4,80.0,29308.0,4,80.0,344000000.0,2,40.0,523603000.0,2,40.0
MUS,Mauritius,8,20.0,6,75.0,136324.0,7,87.5,52000000.0,2,25.0,92255000.0,2,25.0
MWI,Malawi,69,5895.0,48,69.57,32994005.0,66,95.65,1304410000.0,5,7.25,1489701000.0,5,7.25
MYS,Malaysia,85,598.0,43,50.59,3619788.0,82,96.47,3386042000.0,13,15.29,4718718000.0,13,15.29
MYT,Mayotte,1,35.0,1,100.0,231373.0,1,100.0,752000000.0,1,100.0,771787000.0,1,100.0
NAM,Namibia,30,471.0,14,46.67,5034717.0,28,93.33,144490000.0,4,13.33,200680000.0,4,13.33
NCL,New Caledonia,3,2.0,1,33.33,1537.0,2,66.67,40000000.0,1,33.33,70003000.0,1,33.33
NER,Niger,71,4033.0,60,84.51,34686120.0,70,98.59,495839000.0,6,8.45,606832000.0,6,8.45
NGA,Nigeria,117,18431.0,96,82.05,36121912.0,101,86.32,5402922000.0,15,12.82,6168152000.0,15,12.82
NIC,Nicaragua,48,514.0,32,66.67,2810275.0,43,89.58,1105050000.0,8,16.67,1350833000.0,8,16.67
NIU,Niue,1,1.0,1,100.0,702.0,1,100.0,40000000.0,1,100.0,68178000.0,1,100.0
NLD,Netherlands (Kingdom of the),28,4370.0,17,60.71,5.0,2,7.14,2560431000.0,9,32.14,3560747000.0,9,32.14
NOR,Norway,14,145.0,8,57.14,4560.0,8,57.14,260000000.0,2,14.29,376019000.0,2,14.29
NPL,Nepal,92,21565.0,82,89.13,15338873.0,69,75.0,7910895000.0,15,16.3,8790950000.0,14,15.22
NZL,New Zealand,40,232.0,13,32.5,650018.0,32,80.0,35335600000.0,32,80.0,48751774000.0,32,80.0
OMN,Oman,16,210.0,14,87.5,32014.0,9,56.25,5252000000.0,6,37.5,8018479000.0,6,37.5
PAK,Pakistan,174,90221.0,164,94.25,102958684.0,122,70.11,45397648000.0,27,15.52,60021087000.0,26,14.94
PAN,Panama,43,239.0,24,55.81,240110.0,39,90.7,413800000.0,9,20.93,527907000.0,9,20.93
PER,Peru,118,4401.0,84,71.19,11998918.0,106,89.83,5431050000.0,12,10.17,7114741000.0,12,10.17
PHL,Philippines,406,28247.0,313,77.09,258372614.0,395,97.29,27170976920.0,233,57.39,34691985000.0,230,56.65
PLW,Palau,5,,0,0.0,22862.0,4,80.0,,0,0.0,,0,0.0
PNG,Papua New Guinea,61,1690.0,37,60.66,4021662.0,49,80.33,208000000.0,4,6.56,259146000.0,4,6.56
POL,Poland,53,5800.0,45,84.91,196009.0,23,43.4,4467812000.0,10,18.87,6730851000.0,10,18.87
PRI,Puerto Rico,22,106.0,12,54.55,773384.0,9,40.91,72272820000.0,10,45.45,94488552000.0,10,45.45
PRK,Democratic People's Republic of Korea,36,2420.0,23,63.89,41448428.0,35,97.22,6455940000.0,10,27.78,11901447000.0,10,27.78
PRT,Portugal,42,8409.0,31,73.81,205377.0,21,50.0,7862636000.0,10,23.81,12274096000.0,10,23.81
PRY,Paraguay,44,204.0,17,38.64,3405750.0,39,88.64,61820000.0,5,11.36,90775000.0,5,11.36
PSE,State of Palestine,9,35.0,6,66.67,364141.0,9,100.0,,0,0.0,,0,0.0
PYF,French Polynesia,2,1.0,1,50.0,8415.0,2,100.0,13000000.0,2,100.0,18868000.0,2,100.0
QAT,Qatar,1,,0,0.0,1500.0,1,100.0,10000000.0,1,100.0,12821000.0,1,100.0
REU,Réunion,10,14.0,5,50.0,187574.0,10,100.0,1035000000.0,3,30.0,1105084000.0,3,30.0
ROU,Romania,74,12189.0,61,82.43,329556.0,52,70.27,3263518000.0,13,17.57,5304642000.0,13,17.57
RUS,Russian Federation,128,58323.0,64,50.0,4176126.0,97,75.78,10381160000.0,53,41.41,15217177000.0,52,40.62
RWA,Rwanda,43,912.0,37,86.05,1240562.0,37,86.05,72009000.0,5,11.63,92325000.0,5,11.63
SAU,Saudi Arabia,27,1896.0,26,96.3,31524.0,19,70.37,1252000000.0,4,14.81,1849736000.0,4,14.81
SCG,Serbia Montenegro,12,11.0,5,41.67,65130.0,11,91.67,,0,0.0,,0,0.0
SDN,Sudan,66,7003.0,52,78.79,23052949.0,60,90.91,753000000.0,6,9.09,1123122000.0,6,9.09
SEN,Senegal,28,447.0,17,60.71,3091527.0,27,96.43,68979000.0,3,10.71,109758000.0,3,10.71
SGP,Singapore,2,2.0,1,50.0,15073.0,2,100.0,,0,0.0,,0,0.0
SHN,Saint Helena,1,,0,0.0,300.0,1,100.0,,0,0.0,,0,0.0
SLB,Solomon Islands,23,220.0,10,43.48,687417.0,21,91.3,30000000.0,4,17.39,40883000.0,4,17.39
SLE,Sierra Leone,24,5858.0,17,70.83,161526.0,21,87.5,30000000.0,1,4.17,39402000.0,1,4.17
SLV,El Salvador,51,2135.0,37,72.55,3930581.0,42,82.35,4586600000.0,12,23.53,7374082000.0,12,23.53
SOM,Somalia,82,24106.0,55,67.07,43327356.0,71,86.59,1175020000.0,5,6.1,1455608000.0,5,6.1
SPI,Canary Islands,8,58.0,6,75.0,8136.0,5,62.5,1454923000.0,3,37.5,1949357000.0,3,37.5
SRB,Serbia,35,3651.0,16,45.71,247064.0,25,71.43,2308522000.0,4,11.43,3149720000.0,4,11.43
SSD,South Sudan,30,2097.0,17,56.67,23046070.0,28,93.33,,0,0.0,,0,0.0
STP,Sao Tome and Principe,3,33.0,2,66.67,222204.0,3,100.0,,0,0.0,,0,0.0
SUR,Suriname,4,5.0,2,50.0,50648.0,4,100.0,21000000.0,1,25.0,23102000.0,1,25.0
SVK,Slovakia,26,1345.0,20,76.92,11843.0,7,26.92,584000000.0,6,23.08,986158000.0,6,23.08
SVN,Slovenia,18,904.0,13,72.22,1574678.0,9,50.0,4029072000.0,8,44.44,4616442000.0,8,44.44
SWE,Sweden,13,183.0,8,61.54,13850.0,2,15.38,2972000000.0,3,23.08,4829809000.0,3,23.08
SWZ,Eswatini,14,46.0,4,28.57,2660592.0,13,92.86,50000.0,1,7.14,93000.0,1,7.14
SXM,Sint Maarten (Dutch part),1,4.0,1,100.0,5040.0,1,100.0,2500000000.0,1,100.0,3283529000.0,1,100.0
SYC,Seychelles,6,3.0,1,16.67,24779.0,6,100.0,39300000.0,2,33.33,63986000.0,2,33.33
SYR,Syrian Arab Republic,26,5908.0,15,57.69,32894866.0,24,92.31,8950000000.0,2,7.69,9453598000.0,2,7.69
TCA,Turks and Caicos Islands,5,4.0,1,20.0,1700.0,3,60.0,1000000000.0,2,40.0,1404359000.0,2,40.0
TCD,Chad,45,3707.0,34,75.56,13487827.0,43,95.56,391000000.0,3,6.67,405839000.0,3,6.67
TGO,Togo,18,547.0,13,72.22,408316.0,17,94.44,,0,0.0,,0,0.0
THA,Thailand,136,11668.0,91,66.91,87736847.0,123,90.44,65534774000.0,45,33.09,86585371000.0,45,33.09
TJK,Tajikistan,61,371.0,35,57.38,6421016.0,54,88.52,1268930000.0,17,27.87,1940161000.0,17,27.87
TKL,Tokelau,1,,0,0.0,26.0,1,100.0,,0,0.0,,0,0.0
TKM,Turkmenistan,1,11.0,1,100.0,,0,0.0,,0,0.0,,0,0.0
TLS,Timor-Leste,13,93.0,8,61.54,289925.0,12,92.31,24000000.0,2,15.38,30312000.0,2,15.38
TON,Tonga,14,17.0,4,28.57,225690.0,10,71.43,323800000.0,6,42.86,421867000.0,6,42.86
TTO,Trinidad and Tobago,7,5.0,3,42.86,251760.0,4,57.14,4700000.0,2,28.57,6448000.0,2,28.57
TUN,Tunisia,11,62.0,8,72.73,140508.0,10,90.91,36000000.0,1,9.09,46155000.0,1,9.09
TUR,Türkiye,94,54801.0,76,80.85,17616832.0,78,82.98,41312000000.0,23,24.47,45244167000.0,23,24.47
TUV,Tuvalu,4,,0,0.0,20317.0,3,75.0,,0,0.0,,0,0.0
TWN,Taiwan (Province of China),75,1618.0,62,82.67,3040604.0,54,72.0,9751990000.0,54,72.0,12908436000.0,54,72.0
TZA,United Republic of Tanzania,84,1737.0,63,75.0,14802135.0,73,86.9,645000000.0,3,3.57,806944000.0,3,3.57
UGA,Uganda,88,4934.0,74,84.09,5374569.0,85,96.59,5871000.0,3,3.41,8016000.0,3,3.41
UKR,Ukraine,31,1213.0,22,70.97,848623.0,23,74.19,3542616000.0,12,38.71,5095691000.0,12,38.71
URY,Uruguay,33,42.0,10,30.3,816440.0,30,90.91,573000000.0,4,12.12,759689000.0,4,12.12
USA,United States of America,660,11649.0,508,76.97,109704801.0,415,62.88,1624630426000.0,508,76.97,2094570595000.0,502,76.06
UZB,Uzbekistan,6,30.0,4,66.67,671817.0,6,100.0,50000000.0,1,16.67,93479000.0,1,16.67
VCT,Saint Vincent and the Grenadines,14,33.0,5,35.71,106698.0,12,85.71,823400000.0,8,57.14,1015144000.0,8,57.14
VEN,Venezuela (Bolivarian Republic of),44,8379.0,30,68.18,8749723.0,36,81.82,30366000000.0,9,20.45,531062000.0,7,15.91
VGB,British Virgin Islands,2,9.0,1,50.0,,0,0.0,3000000000.0,1,50.0,3940234000.0,1,50.0
VIR,United States Virgin Islands,3,7.0,2,66.67,,0,0.0,,0,0.0,,0,0.0
VNM,Viet Nam,208,5961.0,185,88.94,49865495.0,190,91.35,24539490000.0,114,54.81,33016694000.0,113,54.33
VUT,Vanuatu,27,44.0,7,25.93,1154139.0,25,92.59,552790000.0,4,14.81,718303000.0,4,14.81
WLF,Wallis and Futuna Islands,1,,0,0.0,1252.0,1,100.0,,0,0.0,,0,0.0
WSM,Samoa,8,253.0,5,62.5,23904.0,3,37.5,258540000.0,3,37.5,375362000.0,3,37.5
YEM,Yemen,58,3484.0,54,93.1,3460463.0,45,77.59,620000000.0,4,6.9,894662000.0,4,6.9
ZAF,South Africa,92,1903.0,75,81.52,31539429.0,84,91.3,8685305000.0,30,32.61,10139417000.0,29,31.52
ZMB,Zambia,43,1569.0,25,58.14,18040460.0,42,97.67,2261000.0,1,2.33,2320000.0,1,2.33
ZWE,Zimbabwe,50,7576.0,36,72.0,29655602.0,45,90.0,1486700000.0,8,16.0,1974300000.0,8,16.0
